<?xml version="1.0" encoding="UTF-8"?>
<project-private xmlns="http://www.netbeans.org/ns/project-private/1">
    <editor-bookmarks xmlns="http://www.netbeans.org/ns/editor-bookmarks/2" lastBookmarkId="0"/>
    <open-files xmlns="http://www.netbeans.org/ns/projectui-open-files/2">
        <group>
            <file>file:/C:/Users/Hirigo/Documents/NetBeansProjects/neil_calvin_ranolas/src/neil_calvin_ranolas/LOGIN.java</file>
            <file>file:/C:/Users/Hirigo/Documents/NetBeansProjects/neil_calvin_ranolas/src/neil_calvin_ranolas/Admin_FraME.java</file>
            <file>file:/C:/Users/Hirigo/Documents/NetBeansProjects/neil_calvin_ranolas/src/neil_calvin_ranolas/UPDATE_FRAME.java</file>
            <file>file:/C:/Users/Hirigo/Documents/NetBeansProjects/neil_calvin_ranolas/src/neil_calvin_ranolas/Neil_calvin_ranolas.java</file>
            <file>file:/C:/Users/Hirigo/Documents/NetBeansProjects/neil_calvin_ranolas/src/neil_calvin_ranolas/REGISTER.java</file>
            <file>file:/C:/Users/Hirigo/Documents/NetBeansProjects/neil_calvin_ranolas/src/neil_calvin_ranolas/DATABASE.java</file>
            <file>file:/C:/Users/Hirigo/Documents/NetBeansProjects/neil_calvin_ranolas/src/neil_calvin_ranolas/USER_FRAME.java</file>
        </group>
    </open-files>
</project-private>
