<?xml version="1.0" encoding="UTF-8"?>
<project-private xmlns="http://www.netbeans.org/ns/project-private/1">
    <editor-bookmarks xmlns="http://www.netbeans.org/ns/editor-bookmarks/2" lastBookmarkId="0"/>
    <open-files xmlns="http://www.netbeans.org/ns/projectui-open-files/2">
        <group>
            <file>file:/C:/Users/Hirigo/Documents/NetBeansProjects/ashley_yumul/src/ashley_yumul/Admin_Frame.java</file>
            <file>file:/C:/Users/Hirigo/Documents/NetBeansProjects/ashley_yumul/src/ashley_yumul/Admin_Class.java</file>
            <file>file:/C:/Users/Hirigo/Documents/NetBeansProjects/ashley_yumul/src/ashley_yumul/Register.java</file>
            <file>file:/C:/Users/Hirigo/Documents/NetBeansProjects/ashley_yumul/src/ashley_yumul/Ashley_yumul.java</file>
            <file>file:/C:/Users/Hirigo/Documents/NetBeansProjects/ashley_yumul/src/ashley_yumul/Log_In.java</file>
        </group>
    </open-files>
</project-private>
