<?xml version="1.0" encoding="UTF-8"?>
<project-private xmlns="http://www.netbeans.org/ns/project-private/1">
    <editor-bookmarks xmlns="http://www.netbeans.org/ns/editor-bookmarks/2" lastBookmarkId="0"/>
    <open-files xmlns="http://www.netbeans.org/ns/projectui-open-files/2">
        <group>
            <file>file:/C:/Users/Hirigo/Documents/NetBeansProjects/tristan/leonardo_enrique_ruiz/src/leonardo_enrique_ruiz/LOGIN.java</file>
            <file>file:/C:/Users/Hirigo/Documents/NetBeansProjects/tristan/leonardo_enrique_ruiz/src/leonardo_enrique_ruiz/UPDATE_FRAME.java</file>
            <file>file:/C:/Users/Hirigo/Documents/NetBeansProjects/tristan/leonardo_enrique_ruiz/src/leonardo_enrique_ruiz/Leonardo_enrique_ruiz.java</file>
            <file>file:/C:/Users/Hirigo/Documents/NetBeansProjects/tristan/leonardo_enrique_ruiz/src/leonardo_enrique_ruiz/Admin_FraME.java</file>
            <file>file:/C:/Users/Hirigo/Documents/NetBeansProjects/tristan/leonardo_enrique_ruiz/src/leonardo_enrique_ruiz/REGISTER.java</file>
            <file>file:/C:/Users/Hirigo/Documents/NetBeansProjects/tristan/leonardo_enrique_ruiz/src/leonardo_enrique_ruiz/DATABASE.java</file>
            <file>file:/C:/Users/Hirigo/Documents/NetBeansProjects/tristan/leonardo_enrique_ruiz/src/leonardo_enrique_ruiz/USER_FRAME.java</file>
        </group>
    </open-files>
</project-private>
