<?xml version="1.0" encoding="UTF-8"?>
<project-private xmlns="http://www.netbeans.org/ns/project-private/1">
    <editor-bookmarks xmlns="http://www.netbeans.org/ns/editor-bookmarks/2" lastBookmarkId="0"/>
    <open-files xmlns="http://www.netbeans.org/ns/projectui-open-files/2">
        <group>
            <file>file:/C:/Users/Hirigo/Documents/NetBeansProjects/tristan/kevin_rhey_boltiador/src/kevin_rhey_boltiador/Register.java</file>
            <file>file:/C:/Users/Hirigo/Documents/NetBeansProjects/tristan/kevin_rhey_boltiador/src/kevin_rhey_boltiador/Log_In.java</file>
            <file>file:/C:/Users/Hirigo/Documents/NetBeansProjects/tristan/kevin_rhey_boltiador/src/kevin_rhey_boltiador/Kevin_rhey_boltiador.java</file>
            <file>file:/C:/Users/Hirigo/Documents/NetBeansProjects/tristan/kevin_rhey_boltiador/src/kevin_rhey_boltiador/Admin_Class.java</file>
        </group>
    </open-files>
</project-private>
