<?xml version="1.0" encoding="UTF-8"?>
<project-private xmlns="http://www.netbeans.org/ns/project-private/1">
    <editor-bookmarks xmlns="http://www.netbeans.org/ns/editor-bookmarks/2" lastBookmarkId="0"/>
    <open-files xmlns="http://www.netbeans.org/ns/projectui-open-files/2">
        <group>
            <file>file:/C:/Users/Hirigo/Documents/NetBeansProjects/joy_rivera/src/joy_rivera/Joy_rivera.java</file>
            <file>file:/C:/Users/Hirigo/Documents/NetBeansProjects/joy_rivera/src/joy_rivera/UPDATE_FRAME.java</file>
            <file>file:/C:/Users/Hirigo/Documents/NetBeansProjects/joy_rivera/src/joy_rivera/Admin_FraME.java</file>
            <file>file:/C:/Users/Hirigo/Documents/NetBeansProjects/joy_rivera/src/joy_rivera/REGISTER.java</file>
            <file>file:/C:/Users/Hirigo/Documents/NetBeansProjects/joy_rivera/src/joy_rivera/DATABASE.java</file>
            <file>file:/C:/Users/Hirigo/Documents/NetBeansProjects/joy_rivera/src/joy_rivera/USER_FRAME.java</file>
            <file>file:/C:/Users/Hirigo/Documents/NetBeansProjects/joy_rivera/src/joy_rivera/LOGIN.java</file>
        </group>
    </open-files>
</project-private>
